City ID,City,Cloudiness,Country,Date,Humidity,Lat,Lng,Max Temp,Wind Speed
0,Caxito,75,AO,1612480190,78,-8.5785,13.6643,80.6,6.91
1,Tuktoyaktuk,75,CA,1612480134,67,69.4541,-133.0374,-34.6,11.5
2,Bredasdorp,90,ZA,1612480190,77,-34.5322,20.0403,68.0,5.75
3,Mar del Plata,40,AR,1612480186,77,-38.0023,-57.5575,64.99,10.36
4,Atuona,25,PF,1612480190,71,-9.8,-139.0333,78.58,10.98
5,Rikitea,97,PF,1612480043,68,-23.1203,-134.9692,78.85,10.94
6,Albany,20,US,1612480092,55,42.6001,-73.9662,35.6,4.61
7,Hamilton,90,US,1612480184,69,39.1834,-84.5333,37.0,20.71
8,Van,75,TR,1612480191,93,38.4924,43.3831,35.6,1.14
9,New Norfolk,75,AU,1612479952,62,-42.7826,147.0587,72.0,1.01
10,Carnarvon,100,AU,1612479993,82,-24.8667,113.6333,78.42,21.94
11,Puerto Ayora,0,EC,1612480191,62,-0.7393,-90.3518,86.0,12.66
12,Kapaa,75,US,1612479949,56,22.0752,-159.319,71.6,9.22
13,Hualmay,93,PE,1612479953,72,-11.0964,-77.6139,72.59,5.97
14,Airai,100,TL,1612480158,100,-8.9266,125.4092,63.01,3.91
15,Saldanha,0,ZA,1612480191,82,-33.0117,17.9442,62.6,8.05
16,Sinazongwe,55,ZM,1612480192,80,-17.2614,27.4618,76.08,1.3
17,Rangpur City,0,BD,1612480192,52,25.75,89.25,62.01,2.73
18,Killybegs,99,IE,1612480192,95,54.6333,-8.45,39.99,7.0
19,Punta Arenas,0,CL,1612480039,47,-53.15,-70.9167,55.4,26.46
20,Aklavik,20,CA,1612480192,66,68.2191,-135.0107,-41.8,3.44
21,Cockburn Town,0,TC,1612480192,67,21.4612,-71.1419,74.07,15.01
22,Hofn,100,IS,1612480192,80,64.2539,-15.2082,35.83,15.79
23,Provideniya,100,RU,1612480192,88,64.3833,-173.3,-7.55,27.54
24,Tateyama,1,JP,1612480193,48,34.9833,139.8667,42.01,3.0
25,Suslovo,100,RU,1612480193,95,56.2167,88.1167,4.66,7.76
26,Hermanus,10,ZA,1612479936,85,-34.4187,19.2345,66.0,1.01
27,Cape Town,0,ZA,1612480033,82,-33.9258,18.4232,68.0,10.36
28,Kodinsk,100,RU,1612480193,92,58.6881,99.1844,1.87,4.5
29,Kruisfontein,0,ZA,1612480193,92,-34.0033,24.7314,64.99,2.82
30,Labuhan,98,ID,1612480036,87,-6.8844,112.2051,78.19,13.44
31,Ambilobe,47,MG,1612480193,93,-13.2,49.05,74.39,1.95
32,Saskylakh,0,RU,1612480106,75,71.9167,114.0833,-41.67,3.27
33,Lüderitz,0,NA,1612480194,60,-26.6481,15.1594,68.74,20.49
34,Arraial do Cabo,0,BR,1612480017,78,-22.9661,-42.0278,80.6,13.8
35,Bluff,50,NZ,1612480036,65,-46.6,168.3333,56.46,5.97
36,Saint-Philippe,75,RE,1612479947,69,-21.3585,55.7679,80.6,4.61
37,Bethel,1,US,1612480194,69,41.3712,-73.414,33.8,2.66
38,Qaanaaq,57,GL,1612480194,61,77.484,-69.3632,-20.85,8.63
39,Hilo,75,US,1612479909,73,19.7297,-155.09,73.4,19.57
40,Vaini,75,TO,1612479950,94,-21.2,-175.2,80.6,6.91
41,Chokurdakh,40,RU,1612479954,87,70.6333,147.9167,-11.87,20.36
42,Port Lincoln,51,AU,1612480012,64,-34.7333,135.8667,63.27,24.27
43,Santa Rosalía,45,MX,1612480195,32,27.3167,-112.2833,73.87,4.38
44,Port Shepstone,34,ZA,1612480195,83,-30.7414,30.455,73.69,8.9
45,Khatanga,0,RU,1612480195,78,71.9667,102.5,-30.89,8.72
46,Thompson,90,CA,1612480195,71,55.7435,-97.8558,-5.8,11.5
47,Ushuaia,20,AR,1612479943,71,-54.8,-68.3,51.8,36.82
48,Kampot,20,KH,1612480195,88,10.6167,104.1833,77.0,1.95
49,Yellowknife,1,CA,1612480196,69,62.456,-114.3525,-23.01,9.22
50,Kaitangata,29,NZ,1612480196,68,-46.2817,169.8464,59.0,11.01
51,Belaya Gora,64,RU,1612480196,87,68.5333,146.4167,-17.36,10.45
52,Tazovsky,26,RU,1612480196,87,67.4667,78.7,-24.95,7.54
53,Jamestown,1,US,1612479945,47,42.097,-79.2353,33.8,6.91
54,Tarsus,0,TR,1612480196,66,36.9188,34.8784,53.6,4.61
55,Nikolskoye,90,RU,1612479946,85,59.7035,30.7861,9.0,6.71
56,Da’an,54,CN,1612480197,71,33.0558,106.2958,35.01,2.13
57,Stornoway,90,GB,1612480197,87,58.2093,-6.3865,37.4,21.85
58,Beidao,55,CN,1612479911,71,34.5686,105.8933,32.56,1.9
59,Mataura,42,NZ,1612480039,51,-46.1927,168.8643,65.01,3.8
60,Pacific Grove,1,US,1612479957,44,36.6177,-121.9166,59.0,5.75
61,Torbay,90,CA,1612480165,100,47.6666,-52.7314,42.8,2.3
62,Paraíso,20,CR,1612480197,60,9.8383,-83.8656,73.4,18.41
63,Shakawe,100,BW,1612480197,89,-18.3667,21.85,69.85,3.62
64,Coruripe,0,BR,1612480198,77,-10.1256,-36.1756,79.0,13.94
65,Mīnāb,0,IR,1612480198,58,27.1467,57.0801,59.0,6.91
66,Halifax,100,CA,1612480081,93,44.6453,-63.5724,37.4,2.57
67,Bengkulu,82,ID,1612480198,86,-3.8004,102.2655,74.73,4.54
68,Port Elizabeth,0,ZA,1612479941,88,-33.918,25.5701,68.0,4.61
69,Heraclea,0,TR,1612480198,66,37.5133,34.0467,42.08,2.24
70,Ayer Tawar,40,MY,1612480198,88,4.2954,100.7548,75.2,1.14
71,Chapais,1,CA,1612480001,68,49.7834,-74.8492,24.8,1.54
72,Iqaluit,90,CA,1612479956,85,63.7506,-68.5145,12.2,14.97
73,Rodolfo Sánchez Taboada,75,MX,1612480199,78,31.7167,-116.5667,61.0,1.99
74,Meulaboh,46,ID,1612480199,86,4.1363,96.1285,75.52,4.68
75,Husavik,0,IS,1612480199,59,66.0449,-17.3389,30.2,10.36
76,Hithadhoo,89,MV,1612480199,75,-0.6,73.0833,82.29,11.59
77,Ballina,40,AU,1612480199,73,-28.8667,153.5667,77.0,5.75
78,Clyde River,75,CA,1612480199,76,70.4692,-68.5914,-20.2,13.8
79,Abbeville,100,FR,1612480200,81,50.1,1.8333,46.0,8.81
80,Kawalu,94,ID,1612480200,87,-7.3817,108.2082,72.03,2.3
81,Atambua,100,ID,1612480200,89,-9.1061,124.8925,75.67,4.54
82,Los Llanos de Aridane,40,ES,1612479971,44,28.6585,-17.9182,60.8,8.05
83,San Antonio,1,US,1612480156,47,29.4241,-98.4936,80.01,3.44
84,Liverpool,90,GB,1612480089,93,53.4106,-2.9779,44.6,4.61
85,Severo-Kuril'sk,77,RU,1612480200,88,50.6789,156.125,10.58,10.29
86,Linhares,19,BR,1612479937,82,-19.3911,-40.0722,75.45,6.17
87,Geraldton,40,AU,1612479969,33,-28.7667,114.6,75.2,20.71
88,Plymouth,90,US,1612479930,60,41.8334,-70.8328,37.4,6.91
89,Spring Hill,1,US,1612479977,36,28.4769,-82.5255,60.8,6.91
90,Amazar,8,RU,1612480201,82,53.858,120.875,-23.03,3.62
91,Rocha,100,UY,1612480182,78,-34.4833,-54.3333,66.02,15.77
92,Coquimbo,75,CL,1612480201,82,-29.9533,-71.3436,60.8,9.22
93,Hobart,75,AU,1612479930,78,-42.8794,147.3294,71.6,5.75
94,Dikson,100,RU,1612480041,92,73.5069,80.5464,-4.76,15.46
95,Flinders,55,AU,1612479937,77,-34.5833,150.8552,79.0,4.0
96,Butaritari,100,KI,1612479957,87,3.0707,172.7902,79.25,13.89
97,Dunedin,24,NZ,1612480187,69,-45.8742,170.5036,55.99,23.0
98,Mandurah,0,AU,1612480203,57,-32.55,115.7,61.0,1.01
99,Mahébourg,75,MU,1612480203,78,-20.4081,57.7,78.8,11.5
100,Tabuk,92,PH,1612480204,88,17.4189,121.4443,67.1,4.03
101,Umm Hājar,5,TD,1612480204,22,13.2954,19.6966,69.51,12.95
102,Laela,82,TZ,1612480151,93,-8.5667,32.05,61.41,2.26
103,Busselton,0,AU,1612479944,88,-33.65,115.3333,57.99,1.01
104,Cherskiy,20,RU,1612480041,72,68.75,161.3,-11.56,10.71
105,San Cristobal,40,VE,1612480204,58,7.7669,-72.225,84.2,9.22
106,Ribeira Grande,67,PT,1612479945,70,38.5167,-28.7,55.27,23.51
107,Mount Isa,100,AU,1612479985,54,-20.7333,139.5,86.0,16.11
108,Ilulissat,0,GL,1612480205,35,69.2167,-51.1,-0.4,14.97
109,Laas,0,IT,1612479953,86,46.6166,10.7002,39.99,3.27
110,George Town,20,MY,1612480036,78,5.4112,100.3354,75.2,7.52
111,Sur,0,OM,1612480205,70,22.5667,59.5289,65.26,4.25
112,Hasaki,20,JP,1612479960,55,35.7333,140.8333,35.6,4.61
113,Hong Kong,25,HK,1612479963,80,22.2855,114.1577,64.0,1.99
114,Visby,75,SE,1612480196,74,57.6409,18.296,24.8,11.5
115,Nome,90,US,1612479961,66,64.5011,-165.4064,5.0,18.41
116,Bambous Virieux,75,MU,1612480206,78,-20.3428,57.7575,79.0,11.5
117,Tasiilaq,75,GL,1612479959,80,65.6145,-37.6368,26.6,17.27
118,Narsaq,86,GL,1612480206,53,60.9167,-46.05,15.8,5.66
119,Nebug,99,RU,1612480206,81,44.1714,39.0036,50.54,13.96
120,Ixtapa,1,MX,1612480207,78,20.7,-105.2,73.4,10.36
121,Progreso,1,MX,1612480207,30,21.2833,-89.6667,86.0,11.5
122,Gerāsh,0,IR,1612480207,50,27.6652,54.1371,48.56,1.43
123,Mehamn,75,NO,1612480207,80,71.0357,27.8492,28.4,25.32
124,Artesia,1,US,1612480207,52,33.8658,-118.0831,66.2,5.75
125,Arrecife,20,ES,1612480207,76,28.963,-13.5477,55.4,6.91
126,Bathsheba,20,BB,1612480207,61,13.2167,-59.5167,78.8,19.57
127,Izumo,20,JP,1612480208,86,35.3667,132.7667,32.0,4.61
128,Jizan,0,SA,1612480208,73,17.3333,42.6667,75.2,8.05
129,Eyl,0,SO,1612480208,77,7.9803,49.8164,70.09,11.99
130,Muros,98,ES,1612480208,91,42.7762,-9.0603,51.01,5.97
131,East London,91,ZA,1612480047,77,-33.0153,27.9116,73.08,6.73
132,Nauta,83,PE,1612480209,95,-4.5061,-73.5757,76.35,4.14
133,Dhangadhi,26,NP,1612480209,73,28.7079,80.5961,55.53,1.72
134,Kushiro,40,JP,1612480209,62,42.975,144.3747,12.2,5.75
135,Mastic Beach,1,US,1612480209,60,40.7668,-72.8521,37.0,7.4
136,Paramonga,94,PE,1612480209,73,-10.6667,-77.8333,72.39,6.31
137,Altona,90,DE,1612480210,86,53.55,9.9333,33.8,8.05
138,Kumul,0,CN,1612480210,87,42.8,93.45,25.39,1.3
139,Half Moon Bay,1,US,1612480210,54,37.4636,-122.4286,62.6,13.8
140,Cap Malheureux,14,MU,1612480210,74,-19.9842,57.6142,79.0,5.01
141,Isangel,75,VU,1612480211,74,-19.55,169.2667,86.0,3.44
142,Saint George,1,US,1612480020,24,37.1041,-113.5841,55.0,8.05
143,Otavi,97,NA,1612480211,50,-19.65,17.3333,72.77,7.43
144,Karavayevo,90,RU,1612480211,86,55.2961,37.9622,19.4,15.66
145,Sakaiminato,20,JP,1612480211,86,35.55,133.2333,32.0,2.3
146,Uglovoye,72,UA,1612480211,78,44.8215,33.6045,50.0,3.0
147,Port Alfred,16,ZA,1612480042,86,-33.5906,26.891,66.0,9.53
148,Egvekinot,100,RU,1612480212,86,66.3167,-179.1667,-22.09,19.48
149,Altay,91,CN,1612480212,90,47.8667,88.1167,18.52,0.63
150,Avarua,95,CK,1612480087,66,-21.2078,-159.775,86.0,6.91
151,Beringovskiy,100,RU,1612480212,92,63.05,179.3167,-0.89,9.98
152,Batemans Bay,82,AU,1612480212,87,-35.7167,150.1833,75.0,10.0
153,Lagoa,27,PT,1612480213,74,39.05,-27.9833,55.06,22.82
154,Río Gallegos,0,AR,1612479991,25,-51.6226,-69.2181,75.2,28.77
155,Longyearbyen,75,SJ,1612480213,67,78.2186,15.6401,17.6,13.8
156,Coyhaique,0,CL,1612480213,30,-45.5752,-72.0662,82.4,4.61
157,Coahuayana Viejo,1,MX,1612480213,69,18.7333,-103.6833,80.6,5.59
158,Alice Springs,90,AU,1612480213,68,-23.7,133.8833,71.6,9.22
159,Wahiawā,90,US,1612480213,68,21.5028,-158.0236,71.6,13.8
160,Coos Bay,1,US,1612480214,71,43.3665,-124.2179,51.8,16.11
161,Buala,98,SB,1612480204,76,-8.145,159.5921,82.6,7.9
162,Djibo,14,BF,1612480214,17,14.1022,-1.6306,75.78,8.93
163,Seymchan,100,RU,1612480214,88,62.8833,152.4333,-14.24,3.65
164,Duluth,40,US,1612480214,63,46.7833,-92.1066,21.2,17.27
165,Wamba,0,NG,1612480214,17,8.9333,8.6,77.34,5.68
166,Arrondissement de Saint-Denis,90,FR,1612480215,93,48.9167,2.3333,46.99,3.44
167,Chikhli,41,IN,1612480215,36,20.35,76.25,62.74,9.44
168,Fairbanks,20,US,1612479919,76,64.8378,-147.7164,-11.99,3.44
169,Três Lagoas,83,BR,1612480215,88,-20.7511,-51.6783,77.16,5.14
170,Gijón,100,ES,1612480215,88,43.5357,-5.6615,51.01,2.08
171,Zhangaözen,58,KZ,1612480215,73,43.3,52.8,43.5,11.63
172,Talaya,100,RU,1612480216,85,61.3833,152.75,-18.09,3.67
173,Rosh Pinna,100,IL,1612480216,95,32.9689,35.5426,55.99,1.01
174,Usinsk,98,RU,1612480216,90,65.9939,57.5281,-8.36,12.86
175,Boundiali,0,CI,1612480216,20,9.5217,-6.4869,74.84,2.21
176,Whitecourt,40,CA,1612480216,72,54.1502,-115.6855,8.6,20.71
177,Oddur,0,SO,1612480216,90,4.1213,43.8894,66.74,12.03
178,Basco,67,PH,1612480216,74,20.4487,121.9702,70.56,22.86
179,Deputatsky,66,RU,1612480217,86,69.3,139.9,-24.72,4.23
180,Antofagasta,20,CL,1612480125,68,-23.65,-70.4,68.0,11.5
181,Kwang Binh,28,VN,1612480168,90,17.4833,106.6,67.96,6.49
182,Norman Wells,20,CA,1612480217,67,65.282,-126.8329,-38.2,2.3
183,Naryan-Mar,54,RU,1612480217,88,67.6713,53.087,-16.35,11.72
184,Saint Paul Harbor,0,US,1612480218,91,57.79,-152.4072,32.22,2.48
185,Nanortalik,96,GL,1612480163,79,60.1432,-45.2371,21.15,7.74
186,Barrow,1,US,1612480218,83,71.2906,-156.7887,-25.6,6.91
187,Urcos,40,PE,1612480218,39,-13.6861,-71.6228,62.6,9.22
188,Macusani,66,PE,1612480218,76,-14.0833,-70.4333,41.85,7.61
189,Simplício Mendes,61,BR,1612480218,59,-7.8539,-41.9103,81.03,3.22
190,Praia,75,CV,1612480219,73,14.9215,-23.5087,69.8,16.11
191,Castro,58,BR,1612480219,94,-24.7911,-50.0119,68.4,6.31
192,Pecos,1,US,1612480219,24,31.4229,-103.4932,68.0,16.11
193,San Patricio,20,US,1612480219,61,28.017,-97.5169,89.6,16.11
194,Sitka,75,US,1612479966,93,57.0531,-135.33,39.2,4.61
195,San Policarpo,80,PH,1612480220,84,12.1791,125.5072,81.03,16.58
196,College,20,US,1612479953,76,64.8569,-147.8028,-11.99,5.75
197,Ambulu,69,ID,1612480220,87,-8.345,113.6058,76.19,3.76
198,Karratha,39,AU,1612480220,81,-20.7377,116.8463,81.0,10.92
199,Asău,0,RO,1612480006,93,46.4333,26.4,39.2,9.22
200,Lavrentiya,100,RU,1612480038,86,65.5833,-171.0,-7.74,19.95
201,Ulladulla,0,AU,1612480221,83,-35.35,150.4667,77.0,12.57
202,Bacolod City,57,PH,1612480221,84,10.6667,122.95,77.29,13.24
203,Opuwo,55,NA,1612480221,34,-18.0607,13.84,73.22,4.52
204,Kyren,97,RU,1612480221,87,51.6828,102.1408,11.98,1.99
205,Upernavik,33,GL,1612480221,69,72.7868,-56.1549,-8.16,4.54
206,Berlevåg,75,NO,1612480221,80,70.8578,29.0864,28.4,25.32
207,Vardø,90,NO,1612480221,93,70.3705,31.1107,23.0,17.27
208,La Ronge,40,CA,1612480222,71,55.1001,-105.2842,-0.4,4.61
209,Portland,90,US,1612480222,87,45.5234,-122.6762,46.0,5.75
210,Necochea,0,AR,1612480222,86,-38.5473,-58.7368,64.99,1.01
211,Santander Jiménez,0,MX,1612480222,43,24.2167,-98.4667,85.24,8.95
212,Santa Lucía,75,ES,1612480222,72,27.9117,-15.5407,63.0,11.5
213,Nouadhibou,40,MR,1612479975,88,20.931,-17.0347,64.4,9.22
214,Lebu,0,CL,1612480222,65,-37.6167,-73.65,67.08,3.8
215,Ventspils,0,LV,1612480223,100,57.3894,21.5606,15.8,2.3
216,Vila Franca do Campo,40,PT,1612479958,67,37.7167,-25.4333,55.4,14.97
217,Fukuechō,36,JP,1612480223,50,32.6881,128.8419,49.33,5.14
218,Cabo San Lucas,20,MX,1612480223,30,22.8909,-109.9124,86.0,8.05
219,Sebring,1,US,1612480223,21,27.4956,-81.4409,68.0,3.44
220,Aljezur,98,PT,1612480223,100,37.3191,-8.8033,53.01,3.0
221,Lompoc,1,US,1612480223,51,34.6391,-120.4579,62.6,16.11
222,Ponta do Sol,95,PT,1612480224,63,32.6667,-17.1,50.0,1.99
223,Kirensk,100,RU,1612480224,92,57.7853,108.1119,1.63,1.88
224,Henties Bay,56,NA,1612480224,84,-22.116,14.2845,64.99,1.01
225,Bāndīkūi,45,IN,1612480224,90,27.05,76.5667,50.25,4.59
226,Panabá,57,MX,1612480224,65,21.2833,-88.2667,76.57,8.19
227,São Gabriel da Cachoeira,100,BR,1612480224,96,-0.1303,-67.0892,76.41,2.13
228,Klaksvík,40,FO,1612480023,69,62.2266,-6.589,33.8,19.57
229,Khanbari,0,NP,1612480225,46,27.3747,87.2039,50.65,2.75
230,Sauk Rapids,1,US,1612480225,62,45.5919,-94.1661,14.0,17.27
231,Svrljig,0,RS,1612480225,87,43.4133,22.1211,44.6,4.61
232,Capitán Bado,72,PY,1612480225,87,-23.2667,-55.5333,70.84,6.2
233,Naranjal,75,EC,1612480225,78,-2.6667,-79.6167,80.6,8.05
234,Mahon,90,ES,1612480225,100,39.8885,4.2658,51.8,5.75
235,Kavieng,99,PG,1612480226,75,-2.5744,150.7967,83.44,7.27
236,Galveston,75,US,1612480226,78,29.3669,-94.9669,72.0,9.22
237,Chancay,0,PE,1612480226,68,-11.5714,-77.2672,73.99,11.5
238,Alvarães,20,BR,1612480226,79,-3.2208,-64.8042,84.2,3.44
239,Tiksi,100,RU,1612480226,88,71.6872,128.8694,-21.93,7.36
240,Pevek,0,RU,1612480218,78,69.7008,170.3133,-12.44,12.91
241,Bud,100,US,1612480227,95,39.447,-86.1758,35.01,19.95
242,Chui,56,UY,1612480227,82,-33.6971,-53.4616,64.94,13.31
243,Grand Gaube,11,MU,1612480227,74,-20.0064,57.6608,79.0,5.01
244,Guaratuba,40,BR,1612480227,94,-25.8828,-48.5747,79.0,4.61
245,Ambon City,40,ID,1612480227,94,-3.6954,128.1814,77.0,4.61
246,Tomatlán,0,MX,1612480228,37,19.9333,-105.25,85.46,5.84
247,Taoudenni,28,ML,1612480228,19,22.6783,-3.9836,71.85,7.0
248,Dehlorān,100,IR,1612480228,26,32.6941,47.2679,67.01,7.76
249,Barabai,88,ID,1612480168,95,-2.5833,115.3833,73.89,2.64
250,Ketchikan,90,US,1612480228,100,55.3422,-131.6461,41.0,1.16
251,Grindavik,75,IS,1612480229,87,63.8424,-22.4338,37.4,27.63
252,Arkhara,85,RU,1612480229,86,49.4212,130.0842,-20.97,4.65
253,Norden,100,DE,1612480229,91,53.6,7.2,33.01,1.99
254,Kavaratti,70,IN,1612480229,74,10.5669,72.642,80.69,7.07
255,Huangnihe,13,CN,1612480229,91,43.5583,128.0239,1.11,1.63
256,Santa Vitória do Palmar,41,BR,1612480229,81,-33.5189,-53.3681,64.51,13.09
257,Cairns,40,AU,1612480229,78,-16.9167,145.7667,87.01,5.41
258,Øksfjord,90,NO,1612480230,69,70.2396,22.3479,30.2,14.97
259,Dhidhdhoo,99,MV,1612480013,67,6.8833,73.1,81.16,4.07
260,Saint Anthony,75,US,1612480106,62,45.0205,-93.218,19.4,13.8
261,Sobolevo,100,RU,1612480230,95,54.4299,31.8996,8.55,13.2
262,Saint-Joseph,75,RE,1612479935,69,-21.3667,55.6167,80.6,4.61
263,Valparaíso,40,CL,1612480230,100,-33.0393,-71.6273,64.0,5.75
264,Faanui,18,PF,1612480000,70,-16.4833,-151.75,80.91,6.71
265,Kodīnar,0,IN,1612480231,41,20.7903,70.7031,67.14,10.33
266,Hambantota,97,LK,1612480231,76,6.1241,81.1185,75.43,16.28
267,Richards Bay,100,ZA,1612480022,90,-28.783,32.0377,75.11,9.19
268,Xiuyan,8,CN,1612480231,95,40.2928,123.2744,14.5,2.17
269,Batagay,100,RU,1612480152,80,67.6333,134.6333,-39.12,1.07
270,Honningsvåg,100,NO,1612480231,90,70.9821,25.9704,30.87,17.81
271,Chicama,98,PE,1612479989,83,-7.8447,-79.1469,71.6,9.22
272,Khuzhir,97,RU,1612480232,90,53.1939,107.3397,11.61,6.98
273,Batoş,90,RO,1612480232,71,46.8833,24.6667,46.4,5.75
274,Vao,27,NC,1612480232,86,-22.6667,167.4833,78.73,21.34
275,Bilma,0,NE,1612479994,30,18.6853,12.9164,61.56,6.08
276,Coffs Harbour,75,AU,1612480233,73,-30.3,153.1333,79.0,2.3
277,Banjar,20,ID,1612480039,89,-8.19,114.9675,78.8,8.05
278,Shyryayeve,59,UA,1612480210,91,47.3805,30.1964,33.04,19.28
279,Khandagayty,96,RU,1612480233,90,50.7333,92.05,2.05,0.09
280,Suntar,82,RU,1612480233,83,62.1444,117.6319,-29.61,3.36
281,Ahome,40,MX,1612480233,22,25.9167,-109.1833,81.0,17.27
282,Tamandaré,5,BR,1612480233,79,-8.7597,-35.1047,79.05,10.87
283,Kungurtug,100,RU,1612480170,91,50.5994,97.5228,13.08,3.76
284,Bridlington,100,GB,1612480234,89,54.0831,-0.1919,42.01,11.99
285,San Vito,56,CR,1612480234,64,8.8208,-82.9709,68.0,5.99
286,Tigzirt,50,DZ,1612480234,45,36.8886,4.1198,62.06,13.51
287,Asadābād,94,IR,1612480234,60,34.7824,48.1185,44.38,3.13
288,Mt. Pleasant,1,US,1612480092,76,32.7941,-79.8626,51.01,9.26
289,Retalhuleu,75,GT,1612480234,74,14.5333,-91.6833,82.4,5.12
290,Ternate,100,ID,1612480234,77,0.8,127.4,80.6,3.8
291,Khovd,79,MN,1612480039,81,48.0056,91.6419,17.92,6.58
292,São Filipe,90,CV,1612480235,81,14.8961,-24.4956,71.08,9.98
293,Frohnleiten,100,AT,1612480235,70,47.2667,15.3167,42.8,4.61
294,Gardez,0,AF,1612480235,82,33.5974,69.2259,28.98,2.48
295,Praia da Vitória,75,PT,1612480235,76,38.7333,-27.0667,53.6,22.53
296,Linxia Chengguanzhen,0,CN,1612480236,71,35.6003,103.2064,24.17,0.47
297,Yakeshi,100,CN,1612480236,94,49.2833,120.7333,4.12,10.13
298,Auki,79,SB,1612480229,78,-8.7676,160.7034,82.67,8.34
299,Lubango,7,AO,1612480236,58,-14.9172,13.4925,63.09,1.48
300,Mongo,0,TD,1612480236,22,12.1844,18.693,70.27,9.57
301,Pisco,0,PE,1612480162,69,-13.7,-76.2167,75.2,19.57
302,Moba,44,CN,1612480237,82,33.2288,105.0179,30.27,4.45
303,Madang,92,PG,1612480237,80,-5.2246,145.7966,80.71,2.75
304,Saint-François,0,FR,1612480021,93,46.4154,3.9054,45.0,3.44
305,Leningradskiy,100,RU,1612480155,85,69.3833,178.4167,-26.43,11.52
306,Codrington,100,AU,1612480238,86,-38.2667,141.9667,54.1,7.58
307,Lamu,28,KE,1612480238,86,-2.2717,40.902,76.21,10.54
308,Hohen Neuendorf,94,DE,1612480238,85,52.6667,13.2833,33.01,1.99
309,Ponta Porã,54,BR,1612480239,95,-22.5361,-55.7256,69.03,6.08
310,Nukus,0,UZ,1612480239,75,42.4531,59.6103,41.0,6.91
311,Comodoro Rivadavia,0,AR,1612480212,25,-45.8667,-67.5,86.0,8.05
312,Sapa,100,PH,1612480239,82,5.1544,120.3241,80.24,9.84
313,Zarubino,19,RU,1612480239,93,42.63,131.0922,10.65,4.65
314,Novo Aripuanã,81,BR,1612480240,84,-5.1206,-60.3797,79.97,1.28
315,Kaeo,53,NZ,1612480240,57,-35.1,173.7833,72.5,5.66
316,Fortuna,1,US,1612480240,71,40.5982,-124.1573,55.0,11.5
317,Nanning,0,CN,1612480019,94,22.8167,108.3167,57.2,2.24
318,Ardmore,1,US,1612480240,30,34.1743,-97.1436,54.0,11.5
319,Katsuura,20,JP,1612480240,45,35.1333,140.3,42.01,17.27
320,Lorengau,99,PG,1612480163,79,-2.0226,147.2712,81.18,5.12
321,Nishihara,40,JP,1612480241,62,26.1842,127.7558,60.8,7.2
322,Esperance,90,AU,1612480241,72,-33.8667,121.9,57.2,3.44
323,Broken Hill,75,AU,1612480242,48,-31.95,141.4333,62.6,18.41
324,Murashi,100,RU,1612480242,97,59.3999,48.9615,16.38,5.3
325,San Jose,40,US,1612480242,31,37.3394,-121.895,62.6,9.22
326,Belyy Yar,40,RU,1612480242,85,53.6039,91.3903,8.6,2.24
327,Rosa Zarate,100,EC,1612480243,92,0.3333,-79.4667,77.11,2.57
328,Belluno,100,IT,1612480244,91,46.145,12.2214,48.0,3.09
329,Haines Junction,93,CA,1612480244,54,60.7522,-137.5108,-9.4,1.14
330,Ormara,0,PK,1612480244,38,25.2088,64.6357,67.68,6.38
331,Belfast,90,GB,1612480062,100,54.5833,-5.9333,46.0,5.75
332,Ponyri,100,RU,1612480245,100,52.3186,36.3039,33.75,9.1
333,Mizdah,93,LY,1612480245,38,31.4451,12.9801,56.61,5.08
334,Presidencia Roque Sáenz Peña,3,AR,1612480245,60,-26.7852,-60.4388,79.0,1.99
335,Lemon Tree Passage,1,AU,1612480246,65,-32.7327,152.036,81.0,10.36
336,Shimoda,0,JP,1612480246,62,34.6667,138.95,39.99,7.99
337,Huarmey,95,PE,1612480246,69,-10.0681,-78.1522,73.2,6.04
338,Great Yarmouth,90,GB,1612480246,93,52.6083,1.7305,46.4,8.05
339,Verkhnyaya Toyma,97,RU,1612480247,96,62.2349,44.9985,12.43,2.71
340,Severnoye,85,RU,1612480247,93,56.3491,78.3619,1.8,5.03
341,Gazli,99,UZ,1612480248,63,40.1333,63.45,48.81,10.74
342,Broome,1,US,1612480248,55,42.2506,-75.833,33.8,3.44
343,Mbarara,98,UG,1612480248,83,-0.608,30.65,65.89,3.4
344,Camacha,40,PT,1612480249,76,33.0833,-16.3333,53.6,16.11
345,Turan,40,VN,1612479951,78,16.0678,108.2208,73.4,4.61
346,Souillac,40,MU,1612480237,73,-20.5167,57.5167,78.8,11.5
347,Norsup,95,VU,1612480249,64,-16.0667,167.3833,83.73,3.98
348,Mashhad,0,IR,1612480026,41,36.297,59.6062,37.4,3.71
349,Parchim,75,DE,1612480250,93,53.4263,11.8488,34.0,6.91
350,Rognan,6,NO,1612480250,89,67.0953,15.3878,12.0,3.44
351,San Miguel de Tucumán,40,AR,1612480130,48,-26.8241,-65.2226,84.2,2.3
352,Warmbad,0,NA,1612480250,26,-28.45,18.7333,77.31,11.41
353,Yumen,12,CN,1612480251,61,40.2833,97.2,28.94,15.37
354,Makakilo City,90,US,1612480252,60,21.3469,-158.0858,71.6,6.91
355,Conde,0,BR,1612480252,83,-7.2597,-34.9075,78.8,6.91
356,Yangi Marg`ilon,5,UZ,1612480252,64,40.4272,71.7189,33.8,4.61
357,Ukiah,1,US,1612480253,36,39.1502,-123.2078,63.0,1.79
358,High Level,20,CA,1612480253,70,58.5169,-117.136,-14.8,10.36
359,Ţahţā,40,EG,1612480254,58,26.7693,31.5021,57.2,6.91
360,Alofi,75,NU,1612480012,78,-19.0595,-169.9187,82.4,10.36
361,Springbok,0,ZA,1612480254,58,-29.6643,17.8865,60.3,2.55
362,Keetmanshoop,0,NA,1612480255,23,-26.5833,18.1333,79.36,11.7
363,Palmer,20,US,1612480010,60,42.1584,-72.3287,33.8,8.05
364,Voyvozh,100,RU,1612480255,97,62.892,54.9635,14.95,7.63
365,Dawlatabad,92,AF,1612480256,50,36.4141,64.9053,46.44,2.71
366,Astoria,90,US,1612480105,93,46.1879,-123.8313,46.99,12.66
367,Sitrah,0,BH,1612480256,88,26.1547,50.6206,66.2,9.22
368,Chiria,8,IN,1612480257,44,22.3,85.2667,52.25,0.92
369,Cedar City,1,US,1612480257,35,37.6775,-113.0619,37.4,13.8
370,Cascais,75,PT,1612480258,93,38.6979,-9.4215,54.0,5.75
371,Atherton,98,GB,1612480258,88,53.5237,-2.4935,45.0,1.99
372,Talcahuano,90,CL,1612480258,94,-36.7167,-73.1167,59.0,10.36
373,Muscatine,90,US,1612480134,93,41.4667,-91.1335,23.0,32.21
374,St. George's,75,GD,1612480258,77,12.0564,-61.7485,78.13,15.86
375,Conceição do Araguaia,33,BR,1612480258,81,-8.2578,-49.2647,77.88,4.14
376,Talnakh,100,RU,1612480259,86,69.4865,88.3972,-22.59,1.5
377,Bereslavka,0,RU,1612480259,87,48.6254,44.0449,42.8,13.42
378,Porto-Novo,40,BJ,1612480004,84,6.4965,2.6036,84.2,12.66
379,Yerbogachën,90,RU,1612480260,87,61.2767,108.0108,-22.29,0.89
380,Onega,100,RU,1612479915,92,63.9061,38.1404,5.34,9.26
381,Baykit,99,RU,1612480261,88,61.67,96.37,-3.3,2.73
382,Nizwá,0,OM,1612480262,78,22.9333,57.5333,53.51,0.69
383,Ca Mau,84,VN,1612480262,83,9.1769,105.15,73.6,5.12
384,Storsteinnes,90,NO,1612480263,92,69.2408,19.2344,30.2,1.14
385,Petropavlovka,99,RU,1612480265,90,50.6114,105.3196,8.13,3.06
386,Traiguén,0,CL,1612480265,20,-38.25,-72.6833,90.01,1.92
387,Oktyabr'skiy,100,RU,1612480265,96,54.4815,53.471,34.7,8.66
388,Tortolì,40,IT,1612480266,94,39.9256,9.6572,55.0,2.3
389,Beitbridge,88,ZW,1612480266,72,-22.2167,30.0,80.02,6.58
390,Preobrazheniye,3,RU,1612480266,79,42.9019,133.9064,6.84,6.6
391,George Town,20,MY,1612480018,78,5.4112,100.3354,75.2,7.52
392,Tommot,31,RU,1612480267,77,58.9564,126.2925,-31.43,1.34
393,Puerto Colombia,20,CO,1612480102,78,10.9878,-74.9547,80.6,11.5
394,Rio Verde de Mato Grosso,100,BR,1612480267,83,-18.9181,-54.8442,77.86,8.05
395,Bedelē,19,ET,1612480268,54,8.456,36.353,58.14,2.64
396,Ginir,0,ET,1612480268,36,7.1333,40.7,55.15,4.79
397,Malye Derbety,16,RU,1612480268,85,47.9547,44.6808,43.56,9.78
398,Kasempa,28,ZM,1612480269,93,-13.4584,25.8338,63.97,3.38
399,Flic en Flac,40,MU,1612480269,73,-20.2742,57.3631,79.0,11.5
400,Sohag,40,EG,1612480269,62,26.557,31.6948,55.4,8.05
401,Galle,96,LK,1612480270,86,6.0367,80.217,74.89,4.32
402,Yining,87,CN,1612480270,90,29.0361,114.5636,51.35,0.81
403,Faya,0,SA,1612480270,76,18.3851,42.4509,60.8,5.75
404,Biak,100,ID,1612480271,80,-0.9131,122.8766,76.96,1.43
405,Tuatapere,74,NZ,1612480271,54,-46.1333,167.6833,66.06,3.29
406,Ust'-Kut,100,RU,1612480272,91,56.7938,105.7672,2.98,3.0
407,Korla,8,CN,1612480272,82,41.7597,86.1469,24.87,3.6
408,Gumdag,91,TM,1612480272,46,39.2061,54.5906,51.53,6.76
409,Vostok,39,RU,1612480273,86,46.4856,135.8833,-21.01,6.22
410,São José da Coroa Grande,3,BR,1612480273,79,-8.8978,-35.1478,79.07,11.56
411,Mawlaik,0,MM,1612480273,68,23.6333,94.4167,56.59,1.48
412,Pachino,20,IT,1612480262,87,36.7186,15.0907,53.01,4.61
413,‘Ewa Beach,90,US,1612480274,60,21.3156,-158.0072,71.6,6.91
414,Gravdal,20,NO,1612480274,74,68.1214,13.5031,32.0,4.61
415,Itupiranga,40,BR,1612480275,80,-5.1347,-49.3267,78.4,2.13
416,Provincia di Teramo,100,IT,1612480275,91,42.65,13.6833,46.99,2.55
417,Kamenka,100,RU,1612480275,98,51.3223,42.7678,39.0,14.56
418,Wilmington,1,US,1612480275,49,34.2257,-77.9447,44.6,9.22
419,Bagdarin,100,RU,1612480275,84,54.4333,113.6,-8.64,2.8
420,Champerico,75,GT,1612480267,74,14.3,-91.9167,82.4,8.97
421,Laguna,1,US,1612480275,39,38.421,-121.4238,60.8,9.22
422,Namatanai,83,PG,1612480276,73,-3.6667,152.4333,83.44,2.42
423,Cayenne,90,GF,1612480029,74,4.9333,-52.3333,80.6,10.36
424,Straumen,20,NO,1612480276,78,63.8709,11.2999,21.99,11.5
425,Balakhta,99,RU,1612480276,94,55.38,91.6,5.09,4.79
426,Baruun-Urt,35,MN,1612480277,92,46.6806,113.2792,8.06,4.9
427,Nelson Bay,1,AU,1612480277,65,-32.7167,152.15,80.6,10.36
428,Myingyan,10,MM,1612480277,82,21.4667,95.3833,53.6,2.01
429,Birjand,0,IR,1612480277,22,32.8663,59.2211,26.6,4.61
430,Glendive,75,US,1612480277,63,47.1053,-104.7125,21.99,16.11
431,Tabou,2,CI,1612480277,90,4.423,-7.3528,78.4,7.36
432,Marshfield,90,US,1612480278,86,44.6689,-90.1718,28.99,20.71
433,Kutum,5,SD,1612480278,37,14.2,24.6667,55.2,13.2
434,Mahon,90,ES,1612480225,100,39.8885,4.2658,51.8,5.75
435,Klyuchi,100,RU,1612480279,98,52.2667,79.1667,19.27,4.94
436,Soyo,100,AO,1612480279,84,-6.1349,12.3689,80.53,7.49
437,Goderich,100,CA,1612480077,59,43.7501,-81.7165,32.0,13.8
438,Tura,0,IN,1612480250,58,25.5198,90.2201,59.4,3.51
439,Vestmanna,40,FO,1612480279,69,62.1564,-7.1664,33.8,19.57
440,Mossamedes,0,AO,1612480279,69,-15.1961,12.1522,71.98,8.75
441,Toora-Khem,100,RU,1612480280,91,52.4675,96.11,8.74,2.71
442,Koutiala,20,ML,1612480280,16,12.3917,-5.4642,78.87,6.53
443,Avera,40,US,1612480281,32,33.194,-82.5271,53.6,4.61
444,Charters Towers,94,AU,1612480281,73,-20.1,146.2667,78.93,11.45
445,Kisii,46,KE,1612480281,76,-0.6817,34.7667,62.76,3.62
446,Cape Canaveral,1,US,1612480281,72,28.4058,-80.6048,62.6,4.61
447,Verkhnyaya Inta,59,RU,1612480282,90,65.9811,60.3094,-5.46,9.51
448,Steinbach am Taunus,20,DE,1612480282,87,50.1667,8.5667,46.0,6.91
449,Ratnagiri,0,IN,1612480282,51,16.9833,73.3,72.48,4.5
450,Bogorodskoye,100,RU,1612480282,96,56.55,37.8833,11.55,8.7
451,Kiama,55,AU,1612480282,77,-34.6833,150.8667,79.0,4.0
452,Garchitorena,98,PH,1612480283,86,13.8804,123.6946,77.65,16.64
453,Chimoio,40,MZ,1612480283,100,-19.1164,33.4833,75.2,4.61
454,Port Hedland,40,AU,1612480170,89,-20.3167,118.5667,80.6,6.91
455,Yuxia,46,CN,1612480215,55,34.0615,108.6291,39.0,2.24
456,Barra Patuca,61,HN,1612480283,65,15.8,-84.2833,74.79,5.93
457,Nemuro,38,JP,1612480283,87,43.3236,145.575,13.55,11.18
458,Fort Saint James,100,CA,1612480283,95,54.4333,-124.25,19.76,1.97
459,Ancud,0,CL,1612480164,38,-41.8697,-73.8203,78.8,6.91
460,Lac du Bonnet,100,CA,1612480284,100,50.2536,-96.0612,3.0,10.0
461,Perth,0,AU,1612480284,58,-31.9333,115.8333,63.0,17.27
462,Maniitsoq,1,GL,1612480284,72,65.4167,-52.9,10.11,8.48
463,Aldan,74,RU,1612480285,78,58.6031,125.3894,-29.25,1.1
464,Amurzet,89,RU,1612480285,83,47.6967,131.0981,-13.0,4.85
465,Houston,75,US,1612480159,60,29.7633,-95.3633,77.0,9.22
466,Eresós,0,GR,1612480285,87,39.1667,25.9333,53.6,3.44
467,Alyangula,90,AU,1612480283,83,-13.8483,136.4192,82.4,5.75
468,Bāndarban,12,BD,1612480147,58,22.1965,92.2262,54.14,2.3
469,Kabare,87,CD,1612480286,83,-2.4683,28.8242,61.16,0.43
470,Vuktyl,97,RU,1612480286,93,63.8567,57.3094,10.92,6.35
471,Kamina,61,CD,1612480286,89,-8.7386,24.9906,65.28,2.82
472,Noumea,75,NC,1612480287,74,-22.2763,166.4572,84.2,13.8
473,Coração de Jesus,0,BR,1612480287,57,-16.6853,-44.365,82.4,3.44
474,Kalabo,99,ZM,1612480287,87,-14.97,22.6814,68.52,1.66
475,Sicuani,99,PE,1612480287,65,-14.2694,-71.2261,55.38,3.56
476,Yarmouth,90,US,1612480287,65,41.7057,-70.2286,37.4,4.61
477,Hāveri,44,IN,1612480288,54,14.8,75.4,65.71,7.09
478,Beira,79,MZ,1612480288,83,-19.8436,34.8389,79.74,5.91
479,Maţāy,7,EG,1612480289,82,28.419,30.7792,57.56,13.98
480,San Mateo del Mar,0,MX,1612480289,65,16.2,-95.0,78.67,11.41
481,Pinega,100,RU,1612480289,93,64.7001,43.3936,2.53,11.65
482,Yulara,90,AU,1612480289,63,-25.2406,130.9889,66.2,11.5
483,Visnes,27,NO,1612480289,63,59.3556,5.2242,23.0,10.36
484,Kimbe,100,PG,1612480290,91,-5.5502,150.1429,76.24,3.47
485,The Valley,20,AI,1612480290,78,18.217,-63.0578,79.0,10.36
486,Ust'-Donetskiy,100,RU,1612480290,88,47.6419,40.8718,47.25,18.39
487,Victor Harbor,2,AU,1612480290,68,-35.5667,138.6167,62.01,1.99
488,Hwange,8,ZW,1612480291,92,-18.3693,26.5019,68.59,1.7
489,Okha,100,RU,1612480291,88,53.5739,142.9478,-11.63,22.03
490,Sochi,90,RU,1612480292,76,43.6,39.7303,53.6,11.18
491,Bayangol,98,RU,1612480292,89,50.6977,103.4656,2.91,3.15
492,Banda Aceh,46,ID,1612480293,79,5.5577,95.3222,76.86,12.64
493,Santa Cruz,75,MA,1612480293,100,30.4202,-9.5982,57.2,6.91
494,Youhao,73,CN,1612480293,86,47.8667,128.8333,-12.32,2.51
495,Charter Township of Clinton,90,US,1612480107,80,42.587,-82.9199,33.01,16.11
496,Guerrero Negro,100,MX,1612480294,60,27.9769,-114.0611,64.62,19.22
497,Quatre Cocos,40,MU,1612480294,73,-20.2078,57.7625,79.0,11.5
498,Ingham,90,US,1612480294,86,42.6,-84.3833,28.4,16.11
499,Kontagora,0,NG,1612480294,17,10.3999,5.4695,78.17,7.58
500,Vigrestad,0,NO,1612480295,73,58.5667,5.7,18.0,3.44
501,Guadalupe y Calvo,10,MX,1612480295,36,26.1,-106.9667,60.26,10.07
502,Margate,78,GB,1612480043,89,51.3813,1.3862,46.99,1.99
503,Kem',100,RU,1612480295,93,64.9555,34.5793,7.07,16.55
504,Sinnamary,93,GF,1612480296,80,5.3833,-52.95,77.11,13.35
505,Ordu,0,TR,1612480296,67,40.9086,37.6845,55.4,12.66
506,Washougal,90,US,1612480296,87,45.5826,-122.3534,45.0,5.75
507,Caravelas,2,BR,1612479998,79,-17.7125,-39.2481,77.83,7.49
508,Rawson,0,AR,1612480297,17,-43.3002,-65.1023,89.67,25.1
509,Camacupa,51,AO,1612480297,97,-12.0167,17.4833,61.81,2.86
510,Ouadda,9,CF,1612480297,19,8.0777,22.4007,76.23,7.25
511,Tiznit Province,100,MA,1612480297,84,29.5833,-9.5,51.19,9.62
512,Gáldar,75,ES,1612480297,63,28.147,-15.6502,63.0,12.66
513,Ampanihy,90,MG,1612480297,76,-24.7,44.75,78.04,4.92
514,Grão Mogol,27,BR,1612480298,79,-16.5594,-42.8897,70.36,1.32
515,Maceió,0,BR,1612480298,88,-9.6658,-35.7353,77.0,8.05
516,La Asuncion,24,VE,1612480298,83,11.0333,-63.8628,77.79,17.56
517,Zhuhai,20,CN,1612480299,82,22.2769,113.5678,64.4,11.5
518,Saint-Pierre,75,RE,1612480171,69,-21.3393,55.4781,80.6,4.61
519,Qingdao,0,CN,1612480299,81,36.0986,120.3719,41.0,8.95
520,Chifeng,4,CN,1612480299,89,42.2683,118.9636,19.31,8.5
521,Kottūru,34,IN,1612480299,64,14.8167,76.2167,65.44,9.93
522,Beloomut,100,RU,1612480300,98,54.9448,39.3394,23.67,13.56
523,Port Blair,0,IN,1612480083,82,11.6667,92.75,77.54,7.96
524,Husiatyn,95,UA,1612480300,81,49.0726,26.2141,35.01,13.0
525,Doha,0,QA,1612480300,94,25.2867,51.5333,66.2,5.73
526,Krasnosel'kup,87,RU,1612480185,87,65.7,82.4667,-18.85,6.85
527,Jiaxing,100,CN,1612480301,82,30.7522,120.75,50.0,4.0
528,Zakharovo,100,RU,1612480301,99,54.366,39.2792,31.89,3.91
529,Dicabisagan,100,PH,1612480301,84,17.0818,122.4157,72.9,9.89
530,Beyneu,89,KZ,1612480301,72,45.3167,55.2,43.56,9.75
531,Punta Alta,0,AR,1612480301,39,-38.8759,-62.0736,76.15,13.47
532,Yaan,27,NG,1612480302,16,7.3833,8.5667,80.35,2.91
533,Celendín,97,PE,1612480303,75,-6.8703,-78.1517,58.35,3.06
534,San Carlos,98,VE,1612480303,52,9.6612,-68.5827,85.86,0.29
535,Qinhuangdao,0,CN,1612480303,79,39.9317,119.5883,29.62,8.41
536,Sokolo,93,ML,1612480122,16,14.7328,-6.1219,73.51,4.52
537,Dabat,3,ET,1612480304,53,12.9842,37.765,49.86,2.93
538,Mildura,75,AU,1612480026,59,-34.2,142.15,62.6,10.36
539,Belmonte,0,BR,1612480305,73,-15.8631,-38.8828,78.8,9.22
540,Touros,0,BR,1612480305,69,-5.1989,-35.4608,80.6,11.5
541,Coihueco,0,CL,1612480159,42,-36.6167,-71.8333,84.2,9.22
542,Kulhudhuffushi,100,MV,1612480305,72,6.6221,73.07,81.12,4.61
543,Morón,0,AR,1612480306,42,-34.6534,-58.6198,81.0,5.26
544,Abalak,100,RU,1612480307,96,58.1286,68.5944,12.79,7.56
545,Yar-Sale,69,RU,1612480012,87,66.8333,70.8333,-21.3,6.93
546,Pangai,75,TO,1612480307,84,-19.8,-174.35,84.2,9.22
547,Khāsh,0,IR,1612480307,58,28.2211,61.2158,38.07,1.83
548,Poconé,74,BR,1612480307,85,-16.2567,-56.6228,78.03,6.46
549,Santa Maria,20,BR,1612480308,73,-29.6842,-53.8069,73.4,8.05
550,Cadillac,90,US,1612480308,64,44.2519,-85.4012,32.0,16.11
551,Tucumã,87,BR,1612480309,92,-0.1833,-50.05,77.02,7.54
552,Guasdualito,57,VE,1612480309,49,7.2424,-70.7324,86.54,3.83
553,Rovnoye,100,RU,1612480310,97,50.7765,46.0509,38.52,12.97
